USAF3E1,1
USA2PI1,1
USAN361,0
USASBR1,0
USAOUU1,1
USADE91,1
USAKLT1,1
USA2LN1,1
USAWFB1,0
USARTZ1,0
USABDK1,0
USARRB1,1
USA26O1,0
USACCO1,0
USA1YM1,0
USAIYR1,1
USAMNV2,0
USANAZ1,1
USBBBQ1,0
USA16T1,0
USA9HJ1,0
USAYW61,1
USANQE1,1
USALGG1,0
USA3CI1,0
USAMQR1,1
USAV9C1,1
USAKVK1,0
USAESH1,0
USADD61,0
USAN8Q1,0
USAQW51,0
USAHEL2,1
USAAF81,1
USA34Q1,0
USA3XY1,1
USALHV2,1
USADYC1,0
USBACF1,1
USACPO1,0
USBAEV1,1
USAOS41,0
USA2OU1,0
USAOQE1,0
USAEZG1,0
USA1BR1,0
USA2HX1,1
USAGFT1,1
USAXA41,1
USA1XW1,1
USAO6P1,0
USARKI1,1
USAQV81,0
USAAXQ1,0
USA1ZD1,1
USAPVQ2,1
USAG571,1
USBASJ1,1
USA8UN1,1
USA1D61,1
USANGD1,0
USAS9E1,0
USAIWE1,0
USA3QX1,0
USA1RS1,1
USA8X21,1
USA1OP1,0
USARVZ1,1
USAV5P1,1
USA3T51,1
USABHY1,1
USA1W81,0
USBBJF1,1
USA1M61,0
USAVV51,0
USASDG1,1
USAZDG1,0
USABGSI,1
USASF81,0
USAICJ1,1
USAKEG1,1
USAF181,1
USA51F1,1
USAANY1,1
USAJ241,0
USAR8O1,1
USAU1C1,1
USAGI71,0
USAS5M1,1
USACVO1,1
USAP941,0
USA1TI1,1
USAY7M1,0
USAQ3F1,0
USA2Y61,1
USA9SB1,0
USASIG1,1
USACU91,1
USAISW1,1
USANOM1,0
USAEGX1,1
USA6B72,1
USA56D1,1
USAO7R1,1
USAAFO1,0
USA1K61,1
USAYSJ1,1
USASFU1,0
USA1LP1,0
USA3GE1,1
USAXAK1,0
USAFY71,1
USAKZ71,1
USBBFV1,0
USAA5U1,1
USAHPQ2,1
USAF291,1
USA3JV1,1
USANT21,1
USA3AI1,0
USADRC1,0
USARCS1,0
USBBHF1,1
USA98G1,0
USA1ZG1,0
USBBFD1,0
USA5761,1
USA1QU1,1
USAH1S1,1
USA5661,0
USARYV1,1
USAB9W1,1
USA1GP1,1
USACI11,0
USA1J11,0
USADMO1,1
USA1GR1,1
USASB11,0
USAH3K1,1
USA4TW1,0
USAM3B1,1
USAFLB1,0
USADTY1,0
USA91H1,1
USA1W62,1
USABYW1,1
USAFZI1,0
USA4CI1,1
USA25X1,1
USAHUI1,1
USAFER1,1
USA1KQ1,1
USAAFY1,1
USASOG1,1
USAHD21,1
USABVS1,1
USA4SM1,0
USA3I21,0
USA17D1,1
USANBZ1,1
USAC9E1,0
USADM91,0
USAIFV1,0
USAZUA1,0
USAVDS1,0
USA93Z1,1
USA9BH1,0
USAW5V1,1
USAWJC1,0
USACHK1,1
USAJ7Q1,0
USA4QC1,1
USACH61,0
USAGZA1,1
USAISE1,1
USAS141,1
USAWBT1,0
USAAI61,1
USACJC1,1
USAP3B1,1
USAM4T1,1
USA31X1,0
USA8771,1
USAZ7Y2,0
USA1301,0
USAE8D1,1
USAIB41,0
USA2P61,1
USAGE91,1
USAQDY1,1
USA1HI1,0
USAKT51,1
USA8ZB1,1
USBBHT1,0
USAA421,1
USAIT01,1
USAFCD1,0
USA5841,1
USAQ8F1,0
USBBIN1,1
USAALV1,1
USA37F1,1
USACRZ1,0
USADQ31,1
USAIOJ1,0
USAKPH1,0
USA8O82,1
USA4ON1,1
USBBDB1,1
USAOBN1,0
USA8VT1,0
USA27V1,1
USA1WG1,0
USAE2A1,0
USA8U11,1
USAIYN1,1
USAEWX1,1
USALBS1,1
USAMSX1,1
USBBDL1,1
USAS1P1,1
USA4PK1,0
USAAZ91,0
USALUR1,1
USAV7J2,1
USAKPZ1,1
USBAGC1,0
USAH1O1,1
USAS6T1,1
USA89H1,1
USAQBO1,0
USA3RB1,0
USAB2Z1,0
USA55J1,0
USAJQD1,1
USAIMT1,1
USAWNZ1,0
USA1NE1,1
USA4ZC1,1
USAAEZ3,1
USAD281,1
USAE9T1,0
USAM8O1,1
USA8A41,0
USASWJ1,1
USA1FI1,1
USA3ML1,0
USAPW81,1
USA3851,1
USAE5Q1,1
USAGMU1,1
USAAAT2,1
USBBLK1,1
USAL3G1,0
USAO571,0
USA45T1,1
USAMZ61,1
USACWV2,0
USAQ9L1,0
USAJXJ1,1
USAB7S1,1
USAAKZ1,1
USA2S71,1
USA52Z1,1
USA92D1,1
USAAED1,1
USAFIE1,1
USAIZO1,1
USAV5B1,1
USAAPJ1,0
USA2DL1,1
USA3XR1,0
USAFMF1,1
USAY171,1
USAP6X1,0
USACKU1,0
USAGIG2,1
USA1PX1,1
USASBS1,1
USAADX1,1
USAJDZ1,1
USAKLU1,1
USABPA2,0
USAWFC1,1
USAKQD1,1
USAEP61,1
USAW2J1,1
USAF7K1,1
USA1KW1,1
USA3211,1
USAAZL1,0
USAGM81,1
USA1HP1,1
USBAEE1,0
USAESW1,0
USAQGL1,1
USABWZ1,1
USA5B11,1
USAA2A1,0
USAK411,0
USAPU41,1
USAIDB1,0
USA0H41,0
USARKW1,0
USALGD1,0
USA2WT1,0
USAQSC1,1
USA34R1,1
USAJ6V1,1
USAI4U1,0
USAYLQ1,1
USARCB1,1
USA9B31,1
USAQGZ1,1
USAGRR1,1
USAHGA1,0
USA4PF1,1
USAG5I1,1
USAKCI1,1
USA16G1,0
USAMRN1,1
USANM71,1
USAEXT1,1
USAMKV1,0
USBBCB1,1
USBASK1,1
USA4U31,0
USA4X21,1
USAFK81,1
USARKJ2,0
USAJQX1,0
USASGS1,1
USA1RT1,1
USAZQK1,0
USARDR1,1
USAOCS1,0
USAZHD1,1
USA8WO1,1
USABP71,1
USAYRW1,1
USA1KB2,1
USABHX1,0
USA8S61,1
USALP41,0
USARXD1,1
USAY8F1,1
USAW3X1,0
USA1FU1,0
USAYG51,0
USA75Q1,1
USAI2Y1,1
USAMUH1,0
USAIQT1,0
USA1VN1,1
USAQMZ1,1
USAZ7F1,1
USANS91,1
USAWQC1,1
USA1G51,1
USACQ21,0
USA9CO1,0
USA2OZ1,0
USARRO1,1
USA8QY1,0
USA1B01,1
USA9SA1,0
USAZRU1,0
USAE8N1,1
USA1K51,1
USA3Q51,1
USAL2J1,0
USAW7W1,1
USA1JN1,0
USA53C1,1
USA3LW1,1
USAOC71,0
USAPQX1,0
USAQRQ1,1
USAGBC1,1
USAZRK1,1
USA3RD1,1
USA3YO1,0
USAZ2B1,1
USAYSI1,0
USA9DW1,1
USASFR1,1
USANFA1,0
USA1WZ1,1
USA5J01,1
USAEHE1,1
USAJ471,0
USA1XV1,0
USASZ11,0
USBBFW1,0
USABGT1,1
USAJKR1,1
USA9Y81,1
USAXAD1,1
USA87E1,0
USARMX1,0
USANAG1,1
USAHHB1,1
USAHX31,1
USAG1T1,0
USAFZZ1,1
USAHUX1,1
USACX71,1
USBAHA1,0
USA2MS1,1
USBBFE1,0
USAWS71,0
USAXLF1,1
USARJB1,1
USAV1G1,1
USA1ZH1,1
USAPA61,0
USADMH1,1
USA4JG1,0
USBBHI1,0
USA1WH1,1
USAIFE1,0
USAEE21,1
USBBLV1,1
USA3L41,1
USABE31,0
USAX1Z1,1
USAF4V1,1
USACXA1,0
USA25Y1,1
USAFES1,1
USAGHC1,1
USARKV1,0
USA2TD1,0
USA3A31,1
USA3N81,0
USAFPT1,1
USA55K1,1
USAC2G1,0
USA23U1,0
USA1KP1,1
USACUA1,0
USA4ZP1,0
USAM3O1,0
USAWL11,0
USA93Y1,0
USAJA41,1
USAN8N1,1
USASGP1,0
USAC9D1,1
USA3BU1,1
USAARI1,0
USA23G1,0
USA3TZ1,1
USA2VF1,1
USAFG01,0
USAG9Z1,0
USADCT1,0
USA3LY1,1
USAQ3K1,0
USAHKA1,1
USAD451,1
USAX6F1,0
USA37W1,1
USAIZ41,1
USAIZP1,0
USA3NE1,1
USA21W1,1
USAORX1,1
USA6NU1,1
USA4O91,1
USA5BV1,0
USAKXA1,1
USAZ3Y2,1
USBBIM1,0
USBAMM1,1
USBATW1,0
USAW4O1,0
USAQRL1,0
USAB8N1,0
USA9O91,1
USA1S61,1
USAGH71,1
USABBU1,0
USAHTL1,0
USAQ7I1,1
USA3LK1,0
USA1NA1,1
USABQ91,1
USAUKQ1,1
USATPA1,0
USAK1Z2,1
USA27W1,0
USA4TD1,1
USADPV1,1
USA33Q1,1
USAPIW1,0
USAK901,1
USAAJ41,1
USAGKF1,1
USA4PJ1,0
USA1SY1,1
USA1FN1,1
USAOPW1,0
USAU4O1,0
USA4HK1,1
USAL941,1
USAAMM1,1
USAT241,1
USA6YS1,1
USAAHW1,0
USAZQT1,1
USACN61,0
USAVZX2,1
USAP1E2,0
USAP1E3,0
USA2BE1,0
USARKB1,1
USA4CR1,0
USAHOW1,1
USAQ9O1,1
USAPIG1,1
USAOMN1,0
USA1FJ1,0
USADZQ1,0
USA9RU1,1
USAJ0G1,1
USAIO21,1
USATAT1,1
USADH41,0
USA8ZO1,1
USAO961,1
USAKTS2,1
USA1JK1,1
USAAEG1,1
USAUL31,1
USADJH1,0
USAAT21,0
USAJ621,0
USA5U31,1
USAC3R1,1
USALOR1,0
USAC7R1,0
USA9G51,0
USAD141,1
USAKZA1,0
USAORW1,1
USAMND1,1
USA3Z21,1
USAZJ91,1
USAHYD1,1
USA9CX1,0
USAEZR1,1
USAIEQ1,1
USA1TY1,1
USAACA1,0
USACV11,1
USAUYN2,0
USA1E61,1
USAW2K1,1
USAPY51,0
USA9RL1,1
USACB41,1
USARYP1,1
USAA4T1,1
USAXCM1,1
USAQNP1,1
USA22M1,0
USAPU51,1
USAHCU1,1
USAWLR1,0
USAS4K1,1
USABUS1,1
USAIRD1,1
USAQHY1,0
USATON1,1
USAXJJ1,1
USA52D1,0
USAQW31,1
USACPI3,0
USA9981,1
USA34S1,1
USAGRS2,1
USAY8Y1,1
USAO381,1
USA3CE1,0
USAQ2B3,0
USAOS61,1
USAQGY1,0
USA1NX1,1
USAAD21,0
USAWO61,0
USBBLF1,0
USA3U41,0
USBBCE1,0
USBAGU1,0
USA4GS1,1
USAV791,1
USANGF1,1
USAZLP1,1
USANP11,0
USAFVR1,0
USA3MX1,0
USAWX11,1
USA28F1,1
USAEBP1,0
USA8NX1,0
USATJR1,0
USA1KA1,1
USAHJL1,1
USABVC1,0
USA1U61,0
USA3WC1,1
USADA51,1
USASZU1,1
USAHWU2,1
USA1FV1,0
USA42E1,1
USBAES1,0
USA38R1,1
USAXUJ1,0
USA1N91,1
USAMBB1,1
USABAQ1,1
USALXSD,1
USAK2K1,1
USBAAX1,0
USAWI61,1
USBBJU1,0
USAKEE1,0
USAPYD1,0
USASFE1,0
USA9CN1,1
USA2ZQ1,0
USANXK1,1
USA1TO1,0
USAU191,1
USAIWW1,1
USA8Y71,1
USANZY1,0
USA1V91,0
USAIQY1,1
USBAFC1,0
USALUY1,0
USAJYO2,1
USA91F1,1
USA4WS1,0
USAJDA1,1
USBAHV1,1
USAU5T1,0
USAXND2,0
USBBPY1,1
USAK2Y1,1
USAROU1,0
USA4111,1
USA4112,1
USA50W1,0
USAA5W1,0
USAHJ31,1
USALCA1,1
USAL8Y1,1
USARMY1,1
USAOS81,1
USACKM1,1
USAYJ31,0
USA9Z21,0
USA1ER1,0
USAYLD1,1
USAYGW1,1
USABNF1,1
USA8YS1,1
USA1WW1,1
USA3121,1
USA0WT1,1
USBBFJ1,0
USBBHJ1,0
USAACN1,0
USA1BH1,0
USAOZA1,1
USAZ4X1,1
USA2IH1,1
USA3L51,1
USAKZM1,1
USAFXO1,1
USACZJ1,0
USARQT2,0
USA9TW1,0
USA9OX1,1
USBAQT1,1
USA2L31,1
USA3A21,0
USAK801,1
USA3N91,1
USAA1G1,0
USAF381,1
USA7971,0
USAGJX1,1
USALQQ2,0
USAOP31,1
USAY3A1,0
USA5991,0
USA9OV1,1
USAHZV1,1
USANLG1,1
USA1961,1
USA4JX1,1
USAV8C1,0
USAA1N1,1
USAFG11,1
USAERY1,1
USAQPC1,1
USA53P1,1
USAY7Y1,1
USARV21,1
USBAFM1,1
USAM6Z1,1
USA3VS1,1
USAIZQ1,1
USA1CX1,0
USA3NB1,0
USA56H1,1
USBBPK1,0
USBAVT1,1
USA4C71,0
USAKAZ1,0
USA4F72,0
USA3BH1,0
USBBKG1,1
USAJG11,1
USA0UZ1,1
USA2QH1,0
USADNA1,0
USAW6L1,0
USBBKP1,1
USAABX1,1
USA1HO1,1
USA1CN1,1
USA1FG1,0
USA1S51,0
USA3IS1,1
USAMRQ1,1
USATWX1,1
USA8VG1,0
USAZWA1,1
USA1WE1,0
USA4QJ1,1
USA4B51,1
USAZZ81,1
USABJG1,0
USA33P1,1
USAODH1,1
USAVLV1,1
USA3CX1,1
USA1JU1,0
USATU31,1
USA96V1,1
USAQQC1,1
USA9YQ1,1
USAIMV1,1
USAX3X1,0
USA7N41,0
USAD5E1,1
USA1GJ1,1
USA1SX1,0
USAVMN1,0
USAWQQ2,0
USA2BD1,0
USAIJB1,1
USAJK91,1
USBAIN1,0
USA47X1,1
USA93D1,1
USAGXA1,0
USA1MN1,0
USAX911,1
USA9241,1
USAEMW1,1
USAN971,1
USAAL11,1
USAKG31,0
USA1C91,0
USA1RD1,1
USAQ9N1,1
USAEVH1,1
USBBNA1,0
USAVFM1,1
USABD71,0
USAJNW1,0
USA1FK1,1
USA1JS1,0
USA4NA1,0
USA7VR1,1
USA3871,0
USAB9V1,0
USAPK81,0
USAY4G1,1
USAHXB1,1
USAN8U1,1
USA1DC1,1
USAH2G1,0
USALMK1,0
USAJPR1,0
USAR3X1,1
USABDZ1,0
USAJHW1,0
USAT4B1,1
USAGQL1,1
USA8M81,1
USAN771,0
USAZMS1,1
USAKHU1,1
USBBBN1,1
USABIX1,1
USANSL2,0
USALXY2,1
USARAB1,0
USAECQ1,0
USA44Z1,1
USAFT91,0
USAN391,0
USA8LS1,1
USAURG1,1
USACML1,1
USAP4M1,1
USA2AB1,0
USA57N1,0
USAWOZ1,0
USAGCT2,1
USA2611,1
USA36Z1,0
USAEAG1,1
USASL81,1
USABX71,0
USA29D1,1
USASRM1,1
USAG5Y1,1
USA48R1,1
USBAEG1,0
USAQEJ2,1
USAOFX1,1
USA39K1,0
USAI0Q1,1
USACL91,0
USAAXN1,0
USA1BU1,1
USALO21,0
USAXI11,1
USA34T1,0
USA7YX1,1
USALEL1,0
USBASI1,0
USBAXB1,0
USAAQQ1,0
USAQ3M1,0
USAS1J1,1
USA4YL1,0
USAY8V1,0
USA7911,1
USBBFO1,1
USABOT1,1
USAO3M2,1
USAPER1,0
USAHML1,0
USA2TT1,1
USA3691,0
USAVS31,1
USABP11,1
USAZFT1,1
USAK6P1,0
USAZ5B1,1
USA98C1,1
USAMYN1,0
USA1IT1,1
USA2RX1,1
USA4721,1
USA56M1,1
USAFUO1,1
USAEP91,1
USAQ351,0
USACVR1,0
USA1FW1,1
USA56U1,0
USAJ671,1
USA4I71,1
USAENA1,1
USA2M51,0
USAAG21,1
USA2EH1,0
USAAVG1,0
USA4BN1,0
USA3M31,0
USA1JP1,1
USAAKL1,0
USA2JY1,1
USADEP2,1
USAEEA1,0
USA3NU1,1
USA21G1,1
USA0C11,1
USBBKO1,1
USA0771,0
USA8U81,1
USAS1U1,1
USAJ8R1,1
USA1GA1,1
USALXR1,1
USAC2A1,1
USAA8R1,0
USAPG62,0
USBBMO1,0
USBBOO1,0
USADMX1,1
USA9LM1,1
USA3UR1,0
USALHI1,1
USAYNQ1,1
USA1WX1,1
USAB9D1,0
USAADB1,1
USA8XN1,0
USATFG1,0
USBALI1,1
USA3WB1,1
USAVBA1,1
USACX11,0
USAVKD1,0
USBAQW1,0
USA3AF1,1
USA9YL1,1
USAH3N1,1
USA1WV1,1
USA1D91,1
USA3RX1,0
USABNE1,0
USAB6Z1,1
USADU41,1
USACW01,1
USAVBW1,0
USAA9N1,1
USAHP91,1
USAFA41,1
USARCX1,1
USABJH1,1
USBAJW1,1
USA36Q1,1
USA4JI1,1
USA2YV1,1
USA7WR1,1
USAARY1,1
USA1W31,0
USA4N41,1
USA8611,1
USAK811,1
USA53A1,0
USAF391,1
USAQFN1,0
USAWIF1,1
USA30O1,1
USA97Q1,0
USA2L21,1
USA5981,1
USBBGY1,1
USAY6V2,1
USAG9X1,0
USAF6R1,1
USA51D1,1
USA8VP1,0
USAEKH1,1
USAFPW1,1
USA2TH1,1
USAHRU1,1
USAD4Z1,0
USA8SX1,1
USA4LS2,1
USA4LS1,1
USAFCU1,1
USA21U1,0
USAPE81,0
USACH11,0
USAYMY1,1
USAH131,1
USAS111,0
USATX71,1
USA1QV1,1
USA8721,1
USA4S21,0
USA1421,1
USAT991,0
USAD2K1,1
USAR1O2,0
USAC6I1,0
USAVHY2,1
USAOY51,1
USAFPI1,1
USA4F61,1
USAL2P1,1
USA3LM1,1
USAV4Y1,1
USA96E1,0
USAIYS1,1
USAR9W1,1
USAKDD1,0
USA33S1,1
USAFSC1,0
USAVNE1,1
USAISE2,1
USAHLC1,0
USAJQC1,1
USAGVG1,0
USAO2A1,1
USA3O11,1
USASUY1,1
USAC631,0
USAWNK2,1
USADVY1,1
USA1NM1,1
USAQLR1,0
USAJV61,1
USABC91,1
USAKJF1,1
USA4BR1,1
USAOTF1,0
USAH3R1,0
USA1R31,1
USAW961,1
USAA6Z1,1
USAVMO1,1
USAFQY1,1
USA57M1,0
USAHU01,0
USA8A71,1
USAD091,1
USAEOF1,0
USASCL1,1
USAAHU1,1
USA1MI1,1
USAH711,1
USANIH1,1
USBAYK1,0
USAB1X1,0
USA4ZD1,1
USAIM21,0
USBAKO1,0
USA3H51,1
USAIJ51,1
USA3SI1,1
USA32C1,1
USA1AZ1,0
USAQ9A1,1
USAVB91,1
USAFO12,0
USAB5V1,1
USAX4X1,0
USAVDH1,0
USAYIE1,0
USASBQ1,1
USANKV1,0
USAUHV1,0
USA8RT1,1
USAKTU1,0
USAFOL1,0
USAWUL1,0
USAV3F1,1
USA8ZI1,1
USAKSC1,0
USA1HA1,1
USA4NH1,0
USA2HK1,0
USBATC1,0
USABBA1,0
USA1XR1,1
USAS481,0
USAKNT1,1
USAPY72,1
USAOGD1,1
USAA2C1,0
USAWE41,0
USAKAE1,0
USAZC82,1
USAD0F1,0
USA2AC1,1
USABBO1,0
USA39B1,0
USAAF71,1
USAP6O1,1
USAGIJ1,0
USAG8X1,1
USAZ3G1,1
USAD3D1,1
USA8X81,1
USA3US1,0
USAWAQ1,1
USAZNL1,0
USAEST1,0
USBANH1,1
USAJP11,1
USAY521,1
USABA31,0
USAIPF1,1
USACBY1,1
USA14D1,0
USA9F41,0
USA1TK1,1
USA39X1,0
USAEJZ1,0
USALB11,1
USAMTM1,0
USA9HT1,1
USA34U1,1
USAZH11,1
USA1EB1,1
USAXJD1,1
USALJZ1,0
USBAXA1,1
USAQ6I1,0
USBAYH1,1
USAG7F1,0
USABCU1,0
USA3481,1
USA1FF1,0
USATVH1,0
USAYKG1,1
USAVOK1,1
USAEBR1,1
USAE9A1,1
USBBCG1,0
USABHT1,1
USAAV61,0
USAN8F1,0
USA2P51,0
USA2751,1
USA1RW1,1
USBAIS1,1
USAGFE1,0
USA3QI1,1
USA9ZW1,0
USA4XE1,0
USA45Y1,1
USA4YZ1,0
USAJ391,0
USADT81,1
USAQIO1,1
USA3SU1,1
USAQ741,1
USA1IW1,1
USAGLD1,0
USA3R53,0
USAYFK1,0
USAR8K1,1
USA2WQ1,0
USA7JV1,1
USAYL11,1
USASD51,1
USA51B1,0
USA4871,1
USAF3K1,1
USACPK1,1
USA94C1,1
USAQH61,0
USAHY11,1
USA8Y11,0
USAQTE1,1
USANDL1,0
USA4BA1,1
USAA7E1,0
USA3TR1,1
USA85L1,0
USAP8H1,1
USAQYX1,1
USAGT41,1
USBAKK1,1
USBAOH1,1
USACTE1,0
USAWLP1,1
USA8N81,1
USAVEH1,0
USAHGU1,0
USAWEP1,0
USAXAG1,0
USAM2R1,1
USA3RK1,1
USA7E51,0
USAOI91,0
USACS91,1
USA4J21,1
USACX21,1
USA1MU1,1
USAFTY1,0
USABZB1,0
USABQV1,1
USAG3H1,1
USACIO1,0
USA1XU1,0
USA57A1,1
USARQD1,1
USA36G1,0
USALJL1,1
USARMW1,0
USAG5D1,1
USA4Q21,1
USA93H1,1
USAAES1,1
USARUR1,0
USABND1,0
USACAS1,0
USA1LJ1,1
USA3JX1,0
USAHUM1,1
USA1UA1,1
USA9TU1,1
USA2VU1,1
USAJZ41,0
USA1XC1,1
USBBHL1,0
USAFZM1,1
USACXL1,0
USANRG1,1
USAX1U1,1
USBBKH1,1
USA4P51,0
USAZJM1,0
USAP1V1,0
USAD671,1
USA4HT1,0
USAQG11,0
USAPTK1,1
USA3M61,0
USAEMG1,1
USA2TK1,1
USAP3F1,1
USACH21,0
USAV6N2,1
USA4XJ1,1
USAQ8T1,0
USA25J1,0
USBAVV1,1
USAM971,1
USAEGB1,1
USA21Z1,1
USAUFZ1,0
USAJFA1,1
USADEC1,1
USA1431,1
USAZ491,0
USAQYJ1,1
USA1CL1,1
USA17M1,0
USA5BQ1,0
USA4F11,0
USAFPH1,1
USAVXQ1,0
USAHVE1,1
USA4131,0
USA16A1,1
USAIBJ1,1
USA5551,1
USAJ1I1,0
USACO31,1
USAQAS1,0
USA88P1,1
USAK1G1,1
USA4AK1,1
USAPJO1,0
USAE681,1
USAGTP1,0
USAMQ62,1
USARAK1,1
USAPHL1,0
USA4L51,1
USAFZC1,0
USAC9A2,1
USA27Z1,1
USAJ831,0
USA28Z1,1
USA3XG1,1
USBAGG1,1
USA2QN1,1
USBAEK1,1
USBBDH1,0
USAQAM1,0
USAK1U1,1
USA1R41,1
USAQBC1,0
USASN41,1
USA4HH1,0
USALVF2,1
USA2O31,1
USABO21,1
USAB7E1,1
USACQT1,0
USAKFW1,1
USA4XP1,1
USAH271,1
USANII1,1
USA3YQ1,1
USA55P1,1
USAYTP1,1
USBBNG1,0
USA28Q1,0
USAJCB1,1
USA1K71,1
USAS9R1,1
USA1RF1,0
USAQO21,1
USAKGV1,0
USAB5W1,1
USAA361,0
USADZR2,1
USAHZI1,1
USAG6M2,1
USAWUK1,1
USAG6M1,1
USAE361,1
USA2AR1,1
USAJJE1,0
USAFVU1,0
USA1X81,1
USAVJJ1,1
USARNC1,0
USAQ7D2,1
USAPJR1,0
USA26R1,0
USA41P1,1
USAH8Z1,1
USAO1F1,0
USAY461,0
USAR3D2,0
USAR3D1,0
USAMLS1,1
USBBBZ1,1
USAF8I1,0
USA48P1,1
USA4YB1,1
USAIN01,1
USAQH91,1
USACMB1,0
USALEK1,0
USAAQA1,1
USBAEA1,1
USA2671,1
USAQGH1,1
USAVYE2,0
USA4651,1
USAZWU1,1
USAVFK1,0
USAOB11,1
USAVTG1,0
USA22J1,0
USAIDF1,0
USAX8X1,0
USA4851,0
USAI292,1
USA9K81,1
USAS1H1,0
USA36V1,1
USAB2D1,1
USA2HW1,0
USA1T51,1
USAQZS1,1
USAEDC1,1
USAAXZ1,0
USA47Z1,1
USAZK91,1
USALLA1,1
USAB6W1,1
USA3CF1,1
USAEBS3,1
USAMJ81,1
USA88X1,1
USAHMN1,1
USA1RH1,0
USAQFZ1,1
USAN3X1,1
USA3651,1
USA8XZ1,1
USAMZB1,0
USAZQO1,1
USARDV1,0
USA4IF1,1
USADC41,0
USAD951,0
USASDL1,1
USAE9R1,0
USBBCH1,1
USAM1O1,1
USA3DD1,0
USA97A1,0
USAKR81,1
USAWQG1,1
USAJX21,1
USAMIL1,1
USAR5F1,1
USAF151,1
USA1VJ1,0
USA2RV1,1
USAIAA1,1
USAABI1,0
USAI4P1,1
USA1B41,0
USADG41,1
USA2JG1,1
USAA5F1,1
USAOEE1,1
USAW9L1,0
USAZRY1,1
USAIEL1,1
USA1JR1,0
USA57O1,0
USAEOI1,1
USADI81,1
USAGQ41,1
USA54W1,0
USAQIP1,1
USA2CP1,1
USBAZN1,0
USA4BR2,1
USA2ZL1,1
USBBMM1,0
USA4JB1,0
USAZ5P1,0
USABGX1,0
USAVW71,1
USAIUR1,0
USA1BY1,0
USAV431,0
USAE4J1,0
USABJX1,1
USA9LC1,0
USA83J1,1
USA3UP1,1
USA1F61,1
USAFWI1,0
USAL8E1,1
USAQ6D1,0
USAHHM1,1
USAJ231,0
USAQ2W1,1
USA2N21,0
USACKN1,1
USAV7S1,1
USA8UP1,1
USA19Y1,0
USAT1J1,0
USA9T71,1
USA5AM1,1
USAC4N1,1
USA1LK1,1
USA0E11,1
USARP71,1
USBBGW1,0
USAEC61,1
USA4521,0
USA9TZ1,1
USA1BK1,0
USAHY81,1
USA8UW1,0
USARKR1,1
USA2TX1,0
USAD771,1
USAA3T1,1
USA3EJ1,1
USAHQN1,1
USA2XG1,0
USAK0X1,0
USAQ392,1
USAZTW1,1
USAKWP1,1
USABXH1,1
USA2L41,1
USARIW1,1
USAGXR1,1
USAI5H1,1
USAI5H2,1
USAW5Q1,0
USAZP61,1
USA25S1,1
USARH51,1
USAO4O1,0
USA93T1,1
USAX3J1,0
USAHR11,0
USA23C1,1
USAZV51,1
USBBIS1,0
USAERG1,0
USAJ3F1,0
USA4H61,0
USBAVQ1,0
USASIP1,0
USAHYU1,1
USAKBG1,1
USA84H1,1
USAILS1,1
USAFPK1,0
USA3UI1,1
USANCW1,1
USASE21,0
USBBFI1,1
USAEEU1,1
USA3NA1,0
USBBPN1,0
USA1QX1,0
USAAXK1,1
USBBIA1,1
USA1391,1
USARWM1,1
USALAT1,1
USAK7F1,0
USA85Q1,1
USADNB2,1
USAGE21,0
USA3F21,1
USADNB1,1
USANZ21,1
USA7AX1,0
USAVLS1,1
USAK1F1,1
USAOBK1,1
USAXHI1,1
USA1SO1,1
USA46N1,0
USAQQR1,1
USA9M61,1
USAGSL1,1
USAR2C1,1
USAH081,0
USA1WB1,1
USAB741,1
USA4B61,1
USARJ91,0
USA1PJ1,1
USAD7B1,0
USAQNG1,1
USAMCZ1,1
USAK7X1,1
USAH1D1,1
USAJVB1,0
USAFM81,1
USA2281,1
USBAFX1,1
USAMPW1,1
USARBL1,1
USA75Y1,1
USBBKU1,1
USAQ9Q1,0
USA8A11,0
USAS8T1,1
USAL7J1,1
USAETE1,1
USAVMM1,1
USA2BA1,0
USAJA91,1
USASQM1,1
USAA471,1
USAJG41,1
USA3YP1,1
USA3WR1,0
USA9MM1,1
USAHYG1,1
USA1MK1,1
USA5U01,1
USAKXQ1,1
USAVMC1,0
USANKH1,1
USAK941,0
USAX481,1
USARDG1,0
USA32A1,1
USA4KY1,0
USAJAK1,1
USAJN91,0
USAJI61,1
USAG4J1,1
USA1PG1,1
USAPRU1,0
USAKAU1,0
USA8UL1,0
USASYV1,1
USAY9A1,1
USBBBM1,1
USAIJS1,1
USALG41,1
USA3YN1,1
USAHEC1,0
USAB811,1
USAY891,1
USAIRV1,1
USBAVM1,0
USANHJ1,1
USAJOD1,1
USAC7V1,1
USAMQ11,1
USAHKY1,1
USABSC1,1
USA1JA1,0
USAMWY1,0
USA4KG1,1
USAOGF1,0
USAY9S1,1
USAKN11,0
USAS891,1
USAK5J1,1
USA8TX1,1
USA9HD1,0
USBAXQ1,1
USAXME1,1
USAER81,1
USACEY2,1
USBAGJ1,0
USASGT1,0
USACB81,0
USA36Y1,1
USAZF51,1
USANWO1,0
USAIPD1,0
USA3MG1,1
USA3821,0
USAPXN3,0
USAK8F1,1
USA45I1,1
USBAWS1,1
USAD7P1,1
USBBJR1,1
USA4391,1
USAJR11,0
USBBJP1,1
USA2XY1,1
USAQ2F1,0
USAVVD1,1
USATHF1,1
USA2K31,1
USAE9C1,1
USATM41,0
USAOSO2,0
USAI3F1,1
USAJA81,1
USAVII1,0
USAGJ81,1
USAO6Z1,0
USAZCW1,0
USA9921,1
USARB81,0
USAJ0M1,1
USA1D71,0
USAZ6Q1,1
USA42W1,1
USAJ8P1,1
USAGL41,0
USAXAF1,0
USAPGY1,1
USAB1B1,0
USA4SS1,1
USAKLZ1,0
USBAIU1,0
USA4IG1,1
USAWFD1,1
USBBLD1,1
USAOEV2,1
USA2NV1,0
USA1FR1,0
USA1II1,0
USACGW1,0
USAMKO1,1
USA1C81,0
USBBNX1,0
USAWQF1,1
USA28L1,0
USABFC1,1
USA2Y41,0
USARIU1,1
USA4711,1
USAJV91,1
USAA5A1,0
USAFRT1,1
USACDQ1,1
USAIEO1,1
USALK21,1
USANXO1,0
USA1O21,0
USA34W1,1
USBBDI1,1
USAWA81,1
USAG3X1,0
USAKTK1,1
USA2B91,1
USASKM1,1
USAJ1A1,1
USACAE1,1
USALFG2,1
USAB2Q1,1
USARR81,1
USAVA61,0
USACPW1,0
USBBFX1,1
USA2WE1,1
USAYHM1,0
USAK191,1
USADGK1,1
USAEAZ2,1
USA1UQ1,0
USA4DY1,1
USA1DJ1,1
USALH31,1
USAL6I1,0
USAGS81,1
USA1E71,1
USA8UF1,1
USA1F72,0
USA1F71,0
USAV8K1,0
USBBOZ1,0
USAOOK1,1
USAZ721,0
USA2Z91,1
USA3ZG1,1
USAP5N1,1
USA3AQ1,0
USAQZ81,1
USAERV1,0
USAE2M1,1
USAF891,1
USAZ9I1,1
USAGAE1,0
USA72P1,0
USA95M1,1
USAFOE1,0
USAK0Y1,1
USA9SD1,1
USANH71,0
USA1VE1,0
USA4UG1,1
USAA821,1
USA2ND1,0
USA58Z1,1
USA1MX1,0
USA4EM1,1
USAOYV1,1
USA4HU1,0
USBALL1,1
USA4QI1,0
USBBFK1,1
USA8QF1,1
USAC751,0
USA1JT1,1
USAK6K1,0
USA2TM1,1
USAPF22,0
USBBIR1,0
USAABJ1,1
USAJFG1,1
USACJ82,0
USA3ZZ1,1
USA3TP1,1
USAZTH1,0
USBBKB1,1
USARAM1,1
USA1ZM1,1
USA1V31,1
USAYQR1,0
USAS8A1,1
USAGG31,1
USAJYA1,1
USARLC1,1
USAGPJ1,1
USAZ1V1,1
USAV4Z1,1
USAZKM1,1
USA2RS1,0
USA3NL1,0
USAS381,0
USA4NT1,1
USAGB81,1
USBBPA1,1
USANOA1,1
USAOKE1,0
USBAVB1,0
USBBOY1,0
USAV951,1
USAGAV1,1
USATPD1,1
USAOB71,1
USAAN71,1
USABLK1,0
USAIDK1,0
USACXX1,0
USA1701,1
USAHUA1,1
USAF9M1,0
USA4I21,1
USAJTG1,1
USAJ9U1,1
USAH071,1
USA7Y92,1
USA3MP1,0
USBBOC1,1
USA45X1,1
USA4RA1,1
USA1VI1,1
USA45V1,0
USAACL1,0
USARJ61,0
USA4HN1,1
USA27N1,1
USA1QE1,0
USAJ1K1,1
USA5971,1
USABB31,1
USAB6C1,1
USASA21,1
USA27J1,0
USAOYU1,1
USA9281,0
USADZB1,0
USA17K1,0
USAHDX1,1
USAKC51,1
USA2YI1,0
USA1HD1,0
USANKI1,0
USAKA71,0
USAAGR1,1
USBAID1,1
USBBNE1,1
USAB7Y1,1
USAJJC1,0
USA1PD1,1
USAJI71,0
USAB1M1,1
USBAKX1,0
USA5A41,0
USA4KV1,1
USA4MF1,1
USA37N1,1
USAVAX1,1
USA3YM1,1
USAKXH1,0
USA9H71,1
USAX6Q1,1
USABN91,0
USA4OV1,0
USAIRW1,1
USAH451,1
USA1HL1,1
USAVHL1,1
USARLU1,0
USAS1L1,0
USAY711,0
USA1X41,1
USA9781,1
USA26P1,0
USAWJJ1,1
USAJO71,1
USAH7G1,1
USA2121,0
USAQN71,1
USA2HG1,1
USAEVK1,1
USBBBX1,0
USAZCF1,1
USAZLE1,1
USAGOB1,0
USACG22,1
USBANU1,1
USAQEF1,1
USBAXP1,1
USAO1Y1,0
USA2R81,1
USA47R2,0
USAQ4R1,1
USBBJS1,1
USAQ6T1,1
USAEMD1,1
USAZED1,1
USANAS1,0
USAFL91,0
USAGKQ1,1
USAFK82,1
USAD9E1,1
USBAWF1,1
USBBLC1,1
USAZLQ1,0
USABIL1,0
USAOWG1,0
USA32T1,1
USA1QQ1,1
USAPYW1,0
USAXQ21,1
USA1IF1,1
USA3FH1,1
USAXO31,0
USA4941,0
USALE31,1
USABG61,1
USAC9B1,1
USAZB21,0
USA1DU1,1
USAMO51,1
USAEU81,1
USAFT51,0
USALKE1,0
USAJ4T1,0
USAWDC1,1
USANEO1,0
USA8V31,0
USAZL21,1
USA4NC1,0
USAOSP1,1
USBBCJ1,0
USAKLM1,1
USA9H21,0
USAWMD1,1
USAV9X1,0
USBBNY1,1
USADDL1,1
USA8241,0
USAZGX1,0
USA4T41,1
USBBNJ1,0
USAIGK1,0
USABIB2,1
USAKHM1,1
USAJWR1,0
USAYDV1,0
USAQR71,0
USASLK1,1
USAVRY1,1
USAHWT1,1
USAREJ1,0
USA1JO1,0
USAOUW1,1
USBBFY1,1
USAP8E1,1
USAXGR1,1
USAOJ61,1
USA54C1,1
USAKTM1,1
USAXG11,0
USA4161,1
USAXB41,1
USA2UF1,0
USA7JC1,1
USAQTN1,1
USAA5R1,0
USAW5S1,1
USAV543,1
USAV542,1
USA1UP1,1
USA2XJ1,1
USAJ212,1
USALO61,0
USA3UV1,1
USAG1N2,1
USAHRJ1,1
USA1SB1,1
USA1KD1,0
USA3V01,1
USAUXW1,0
USALPN1,0
USAEZH1,0
USABU81,1
USADA41,1
USA57J1,1
USAX7D1,0
USAHEW1,1
USAWU11,1
USAMQX1,1
USA4Q51,0
USAB9N1,1
USAEE81,0
USA1XN1,1
USADRJ1,1
USACET2,1
USAEVB1,0
USBBJO1,1
USAFEU1,1
USAZ9N1,1
USADQV1,1
USA4NM1,0
USAF821,0
USAOAI1,1
USA9J31,0
USAGJE1,0
USAEPG1,1
USAMY11,1
USA4171,0
USAIXH1,1
USANS11,1
USADSV1,1
USAGGG1,1
USAOCM1,1
USAK0Z1,0
USADCR1,0
USA1IZ1,1
USAQ841,0
USANYQ1,0
USAHR31,1
USADWY1,1
USANY12,0
USAR391,1
USAWWJ1,1
USADR11,0
USAV4K1,1
USA21Y1,1
USATEF1,1
USA3S61,0
USANTJ1,1
USAQKP2,1
USABR51,0
USALDD1,1
USAK762,1
USBBPP1,1
USACTZ1,1
USBBKE1,1
USBBKC1,1
USBBPL1,0
USAQD71,0
USAYQU1,0
USATYO1,0
USASVC1,1
USAHE41,1
USBBLW1,0
USBBMY1,1
USA12A1,1
USBAHK1,1
USAB691,0
USAKCQ1,0
USADYO1,0
USAEJ22,1
USAH191,1
USAM9B1,0
USAZW41,0
USAJ201,0
USAMQ31,0
USAGMW1,1
USAHYA1,1
USAWCE1,0
USAVNA1,1
USA85S1,0
USA2UE1,0
USAIJU1,0
USAIFM1,1
USA1Q11,1
USACO41,0
USARIP1,0
USA9TN1,0
USA25Q1,0
USA1UL1,1
USAGF11,0
USA3B81,1
USAFQG1,0
USAZPE1,0
USA3MW1,1
USAM4I1,1
USADLQ2,1
USAH681,1
USA59U1,0
USAAWL1,0
USAVA41,0
USAYHK1,1
USAVD91,1
USBANZ1,1
USA1SS1,1
USA4G11,1
USAAXC1,1
USA0BJ1,1
USARZL1,1
USA2KU1,1
USA4JQ1,0
USAV2Q1,0
USAC4T1,1
USA9IO1,0
USAJ9Z1,1
USAGVI1,1
USAL7H1,0
USAT421,0
USA86I1,1
USAS281,0
USA8A31,1
USACQA1,1
USAB3P1,1
USA3Z81,1
USBAYO1,1
USA3CW1,0
USAAK31,0
USA9A41,0
USBAIE1,1
USAN8X1,1
USA9X41,0
USAQ1M1,1
USAJVL1,0
USAJ5F1,1
USA1OZ1,0
USA11D1,0
USBBGA1,1
USA1841,0
USBBBK1,0
USAHTD1,1
USAVHO1,1
USAI481,0
USAYXG1,0
USASYT1,1
USBAVO1,0
USBBDK1,0
USAGOS1,1
USAKUS1,1
USA8XB1,0
USAFL61,1
USARLT1,1
USALLL1,0
USAZVZ1,0
USAD6W1,0
USA9HB1,1
USAT371,0
USASB91,1
USAF1A1,1
USA41S1,0
USA43K1,1
USAGKN1,1
USAFF51,1
USADK51,1
USA3731,0
USA2AG1,1
USAX471,0
USBBBY1,0
USA24G1,1
USAG7P1,1
USBBJG1,1
USA98I1,1
USBAWQ1,1
USAIRJ1,1
USAVIY1,1
USA50D1,1
USAMCF1,0
USA59G1,1
USA5VE1,1
USAZJH1,1
USACA91,1
USAIJI1,1
USA4QB1,1
USAA1D1,0
USAUUT1,1
USABCQ1,1
USAPSV1,1
USBAXE1,1
USAVIW1,0
USAA6B1,1
USAPV42,1
USAMTI1,0
USAJ4O1,1
USAAY11,0
USBAWG1,1
USA1FB1,1
USA3351,0
USAKPQ1,1
USAYUC1,1
USAS3Q1,1
USAE741,1
USA9871,1
USAB3F1,0
USAX3A1,0
USADE11,0
USBBEC1,1
USA8XG1,0
USA0PM1,1
USAVI21,1
USAFV81,1
USABTG1,1
USAPIO1,0
USBAKW1,1
USA99K1,1
USBBMA1,0
USAFQ11,0
USAH461,0
USA1Z91,0
USAEPV1,1
USBBQE1,1
USAIAB1,1
USBBCM1,0
USA2NT1,0
USAY5G1,1
USA1OS1,0
USAF3O1,1
USA2PC1,1
USAC961,1
USAKLN1,0
USA28N1,0
USAECJ1,0
USAGDH1,1
USA46S1,0
USAVJ31,1
USAVPJ1,1
USAP411,1
USAYL51,1
USAF731,0
USAWSX1,0
USAA2J1,1
USA2HP1,1
USAO651,1
USAQZV1,0
USA2IB1,1
USA2Q21,1
USAQAK1,0
USAFJ61,1
USA1T71,1
USA2WG1,0
USAYQB1,1
USARZ41,0
USACPQ1,1
USA1XQ1,0
USAG1M1,1
USARJF1,1
USA4YY2,1
USA34K1,0
USA87L1,1
USA4BW1,1
USAL242,1
USAJUI1,1
USACKK1,1
USAE4N1,1
USAVBD1,1
USA1US1,0
USAQZH1,0
USA37P1,1
USANGN1,1
USA95O1,1
USA3V11,1
USAWVL1,1
USAAXW1,0
USAZSD1,0
USA8V21,0
USBBAI1,1
USAOSO1,0
USBASP1,1
USAMYE1,1
USAVIE1,1
USAF2G1,0
USA1EZ1,0
USA1BN1,0
USAHP41,0
USAHFL1,1
USABJS1,0
USBAWA1,1
USBBOT1,1
USAXZ51,1
USBBJL1,0
USABU71,0
USAL8X1,1
USA1LQ1,1
USACLE1,1
USANRK2,1
USALBY1,0
USA1H51,1
USAP7L1,1
USAV151,0
USAMYW1,0
USA4XO1,1
USACJU1,0
USAOP91,1
USA97L1,0
USAYN31,1
USABKE1,1
USA4P91,0
USBAOL1,1
USAPWJ1,1
USANZS1,1
USAINF1,1
USASW51,1
USAN4Z1,0
USANTU1,1
USAFB01,0
USAU9L1,1
USA15Z1,1
USAZJX1,1
USBAFK1,0
USAK0U1,1
USAZTJ1,1
USAW8J1,0
USBAMU1,1
USAISM1,0
USA1CR1,0
USBAIB1,0
USA2NH1,0
USARJK1,0
USARZH1,1
USAUBT1,1
USARAY1,1
USBBKD1,1
USAI951,1
USBAVR1,1
USAC172,1
USA9SJ1,0
USANDT1,1
USAG4C2,0
USADPI1,1
USAAFA1,1
USAQCO1,1
USA1ZO1,0
USAQD41,1
USAEUU1,1
USA3VG1,1
USANZ71,0
USA3PK1,1
USAJJ01,0
USAX9H1,0
USAQ8N1,0
USAHLF1,0
USA1SL1,1
USACO71,0
USAPQE1,0
USBBFB1,1
USAEWP1,0
USALAW1,1
USAPJK1,0
USAGB62,1
USA2811,1
USAL531,1
USAMO61,1
USBBIP1,1
USAH3A3,1
USA8IL1,1
USAKPS1,1
USAOTV1,0
USA3ZK1,0
USA91R1,1
USAH051,1
USA3O41,0
USAA9W1,1
USAFSJ1,1
USAAAP1,1
USAVD81,1
USABSH1,0
USAI8A1,1
USAPQY1,1
USAKVH1,0
USAOVE1,1
USAE6P1,0
USA8Z81,1
USA2251,1
USA9IN1,1
USAUSY1,1
USAGDY1,0
USA3E01,1
USAXR71,1
USAV181,1
USA3BR1,0
USAXBN1,0
USAYVR1,1
USBABE1,0
USAAER1,1
USBBGV1,1
USAGYF1,1
USBATP1,0
USAJHC1,1
USAZ9S1,0
USA1831,1
USA1YB1,1
USBADY1,1
USATIQ1,0
USAKA51,1
USAQ471,0
USALRK1,1
USBABW1,0
USAJD01,0
USA18V1,0
USAPRV1,1
USACLR1,0
USAVMF1,0
USA84Z1,0
USAAUU1,1
USAJOI1,0
USAWDE1,1
USAAO91,1
USAVUQ1,1
USA3TE1,1
USAANH1,1
USAQL11,1
USAJ871,1
USA8TO1,1
USA96L1,0
USBAMV1,0
USAC771,0
USAZ1P1,1
USAJ6P1,1
USAWZE1,1
USA29G1,1
USA45Z1,1
USA1QA1,0
USABC61,1
USA4VE2,1
USAAM41,1
USABE41,1
USACMF1,1
USALEX1,0
USAU8D1,1
USAA2Y1,0
USAMEY1,1
USA1TF1,1
USAS7V1,1
USA4OZ2,1
USAS191,1
USA48T1,0
USA1HX1,1
USAJO91,1
USAPET1,1
USA39U1,1
USAAX41,1
USBAWV1,0
USAXVI1,1
USBAXV1,1
USA2T61,1
USBAGI1,1
USA8B71,1
USA8VA1,1
USABO81,1
USAOKU2,1
USA8881,1
USAOKU1,1
USAR5G1,0
USAJHD1,1
USBAXD1,1
USAWFJ1,1
USAPP71,1
USAEZX1,0
USBBJQ1,0
USAAOF1,1
USANWT1,1
USARJN1,1
USAJNO1,1
USAJCN1,0
USAN591,0
USAK8S2,1
USAN261,1
USANP61,1
USA30B1,1
USANQR1,1
USAEVI1,1
USAGYL1,1
USAJLO1,0
USA1DK1,0
USA44T1,1
USAS1T1,1
USA97S1,0
USA8Z51,1
USA2TF1,1
USAF7S1,1
USAFYP1,1
USATLS1,1
USAXO11,1
USABG81,1
USAQ291,1
USA3FD1,1
USA2RR1,1
USAXH61,1
USABS61,1
USA9OL1,0
USAAPQ1,1
USAWDM1,1
USA1IJ1,0
USAPZ71,1
USAE641,0
USAZRB1,1
USACY82,1
USAFKU1,1
USA28I1,1
USA4BD1,0
USAADV1,1
USAKSZ1,0
USA1JV1,0
USA4YH1,1
USALVQ1,1
USBBBT1,0
USAGI91,0
USAYJX1,0
USAVKX1,1
USA8YH1,0
USAAKD1,1
USAA5L1,1
USANDE1,0
USARZV1,1
USAQCU1,0
USAAFP1,1
USAEG41,1
USAPQZ1,0
USA4WZ1,0
USA9931,1
USA34L1,1
USAB4N1,1
USAT3P1,1
USAZM71,1
USAA921,0
USALWW1,0
USAQCE1,0
USAWH82,0
USAFJK1,0
USAXB61,0
USADTB1,1
USA1M91,0
USA6901,1
USAB2N1,1
USARQI1,1
USAC311,0
USAON41,1
USAQZI1,1
USAAXT1,1
USAMRP1,1
USAQV31,0
USAD9I1,0
USAEXR1,1
USAOSR1,1
USBBMJ1,0
USAPS11,0
USAF9Z1,1
USAJ1R1,1
USA4S71,1
USA3T01,0
USA1XL1,0
USAYI51,1
USAXZ41,0
USAOFA1,1
USAWYQ1,0
USAK091,0
USA3RL1,1
USA4E41,0
USA1KX1,1
USAPZF1,1
USBALQ1,1
USANRJ1,1
USAW5O1,1
USBBJM1,0
USAHAS1,0
USAJPP1,1
USA5561,1
USAXFR1,1
USALDT1,1
USAVGI1,1
USARTI1,1
USALST1,1
USA8WS1,0
USBAOM1,1
USAVKZ1,1
USA2O11,1
USA1Y21,1
USAQFF1,1
USAS2O1,0
USBBIW1,0
USAGJQ1,1
USAPF71,1
USAF4X1,0
USA55E1,1
USAWBU1,0
USAK6F1,1
USA7CM1,1
USAFJC1,1
USA3PZ1,1
USAEPK1,0
USA9FI1,0
USAGGS2,0
USBBPR1,0
USAZW11,0
USAZRA1,0
USAJ1J1,1
USAR241,0
USAIXT1,1
USAZVN1,0
USBBML1,1
USA1441,1
USA85C1,0
USA1LO1,1
USAOL21,1
USA54O1,1
USAODU1,1
USA4OG1,1
USAYSU1,0
USAIY41,1
USAFVO1,0
USA1ZB1,0
USAEWW1,1
USBBFC1,1
USAUHW1,1
USAHPD1,1
USBBPD1,1
USA1QN1,1
USAZW61,1
USAIYY1,1
USA1Q31,0
USAX7P1,0
USAJKF1,0
USAK1B1,0
USAOB21,0
USAQBV1,1
USA4K91,0
USARFR1,1
USA1131,1
USBATY1,1
USAQO61,1
USAZPF1,1
USAW1C1,1
USALCW1,1
USAFQS1,1
USAEK31,0
USAA9X1,1
USAM8Z1,1
USA49S1,1
USAL5N1,0
USAKFP1,1
USACLA1,0
USA9BC1,0
USA1MW1,1
USAZ5Q1,0
USA9OM1,1
USBABD1,1
USBBGQ1,0
USAETA1,1
USA1GN1,0
USAD2O1,0
USAD2T1,1
USA1CG1,1
USAL9G1,1
USAZ131,1
USAISB1,1
USA49F1,0
USANC51,0
USBADX1,0
USBBIE1,1
USAW9V1,1
USAR111,0
USAAK11,0
USA1PC1,1
USALBU1,1
USAYZY1,1
USA06Z1,0
USATQU1,1
USA1CU1,1
USAMS21,1
USAVUV1,0
USBADV1,1
USAYXE1,0
USA52R1,0
USA1MA1,1
USAWXJ2,0
USANIP1,1
USAA491,0
USAHZM1,0
USBAIA1,0
USAZKZ1,1
USA3Y71,1
USA37C1,1
USAW4A1,1
USAVHA1,0
USAS371,1
USAC1R1,1
USAC1R2,0
USAIDU1,1
USBAHP1,0
USAZW81,0
USA4OU1,0
USAX671,1
USBBDE1,0
USAIOO1,1
USAJB51,0
USA2AE1,0
USAOIJ1,1
USAZEU1,1
USA1JE1,0
USAU721,1
USAPFO1,0
USBAXU1,1
USBAEN1,1
USAUY61,0
USAD5N1,1
USAAP21,1
USABA51,1
USBAZY1,0
USABCA1,1
USAVTB1,0
USACUM1,1
USAFN61,1
USAN891,0
USAG8X2,1
USASJX1,1
USAH9Y1,1
USAUSV1,1
USAEBN1,0
USA1KE1,0
USAQ9G1,1
USAKG81,0
USACWA1,1
USA27C1,0
USAER61,0
USADG21,0
USA9851,0
USAZK61,1
USAOPL1,1
USAHAF1,0
USAII41,1
USA3YT1,0
USAYPN1,1
USAWFX1,1
USAWMS1,1
USAMY51,0
USAMQH1,0
USA1RM1,1
USAPPS1,0
USAR8V1,0
USA8Z41,0
USAR5U1,0
USA8ZQ1,1
USA96K1,0
USAWOC1,0
USAVJC1,1
USAHC71,1
USAHOK2,0
USAWML1,1
USAZJ11,1
USAC8L1,1
USAEGY1,0
USAVGX1,1
USAPPA1,0
USAZG81,0
USA3SS2,1
USAOEQ1,1
USAEK41,1
USAGKQ2,1
USA3FE1,1
USAJ171,1
USAIGH1,1
USAQU91,1
USAPRM1,1
USAAVN1,1
USBBHN1,0
USABFP1,0
USAKQY1,1
USAENH1,0
USA4SQ1,1
USAXI81,1
USATUC1,1
USALZI1,1
USAVHG1,0
USAMGJ1,1
USA48Y1,1
USACB21,1
USA2SG1,0
USACFI2,0
USA1E81,1
USAA2L1,1
USACFI1,0
USA52L1,1
USAJAX1,1
USABZL2,1
USA3YG1,0
USBAAB1,0
USAAFQ1,1
USA9NP1,1
USAREI1,0
USAP421,0
USAJBE1,1
USAGPU1,0
USAITU1,1
USAZGM1,0
USAXB11,0
USAJWG1,0
USBBOD1,0
USAG1C1,0
USAGIP1,0
USBALB1,0
USAFPX1,0
USA36A1,1
USA21O1,0
USAQZJ1,1
USBAGT1,1
USARMQ1,1
USAZNZ1,0
USA2I21,1
USA9PT1,0
USAJQA1,0
USBBLX1,0
USBBCO1,0
USABAY1,1
USAMYG1,1
USBAGW1,0
USAE781,1
USA4VI1,1
USAZOO1,0
USA9DO1,1
USBBHB1,0
USAMFT1,0
USA3PV1,0
USAIA51,0
USA1H31,1
USA3I81,1
USAFXG1,0
USAGUC1,1
USAQCJ1,1
USAC231,1
USAQDA1,1
USA1U81,0
USA9FX1,1
USATVO1,1
USAI981,1
USANFX1,0
USA21K1,1
USA44O1,1
USA4UC1,1
USBBIV1,0
USAZXI1,1
USA97X1,1
USBBMK1,1
USAQFI1,0
USAZFA1,1
USA2TA1,0
USAI9R1,0
USBBKF1,0
USAABN1,0
USA1K21,1
USACAO1,1
USASDU1,1
USA7SU1,1
USAX5T1,1
USADYP1,1
USAY7Q2,1
USA12D1,0
USACVQ1,1
USBBMF1,1
USBBFR1,1
USAXMU1,1
USA1451,0
USARJI1,0
USAOV41,0
USAOL31,0
USAALK1,1
USA3RF2,1
USA1GX1,0
USALVH1,1
USBBMC1,1
USAFGL1,0
USA0SI1,0
USAIQ51,1
USAJMW1,1
USAZ411,1
USAT751,1
USA4E61,0
USAOVW1,0
USAFVN1,1
USA8UX1,1
USAYND1,0
USA5621,0
USAZW71,0
USAQQY2,1
USAXIV1,0
USAQZ31,0
USBAKF1,1
USAA9I1,0
USA4CM1,0
USAQBW1,0
USAZW01,1
USAZ4R1,0
USAZ2J1,1
USAXY81,0
USAQDM1,1
USBASF1,1
USA1UI1,1
USA2VM1,1
USA27R1,0
USATAK1,0
USAIPS1,0
USBAZV1,0
USAAWI1,1
USA49T1,1
USAD221,1
USANET1,1
USBBIT1,0
USAAUE1,0
USA3BP1,1
USAIYC1,0
USAKC11,0
USAX9D1,1
USA1XH1,1
USA9I51,0
USAIUN1,1
USAA3C1,0
USA8SQ1,1
USBAPV1,0
USAMQS1,1
USA21J1,1
USAIB01,1
USAR161,1
USAFPN1,1
USATF11,1
USA1YT1,1
USAR4I1,0
USAH761,0
USAWXK1,1
USAS561,1
USATLC1,1
USA7061,1
USA11I1,1
USBADU1,1
USA5BI1,0
USAKAP1,1
USBBIJ1,1
USAJ7M1,0
USAA311,0
USALMC1,1
USA12I1,0
USAZ1X1,1
USBBBA1,0
USAVSM1,1
USABBZ1,1
USA8TM1,1
USAXLR1,0
USACRV4,0
USA1QC1,0
USAI8F1,1
USBBDF1,0
USAUKV2,1
USBBBD1,1
USAF781,1
USAWZQ1,1
USAK5M1,0
USANKX1,0
USA1HF1,0
USBAEO1,1
USAKXV1,1
USAP6T1,1
USAH0D1,0
USAQJN1,0
USA4OX1,0
USAZA71,1
USA1XA1,1
USA29K1,0
USAUKD1,0
USAIBT1,0
USALGR1,0
USAXVK1,1
USA3MZ1,0
USAAWG1,0
USA2R41,1
USAJYD1,1
USBAWT1,0
USAKKY1,1
USAR9B1,1
USAUSU1,1
USAACV1,1
USACLT1,1
USAE321,0
USATJK1,0
USAUND1,1
USACA61,0
USAQBK1,0
USA1NQ1,0
USA39A1,1
USAK8M1,1
USBAWZ1,1
USAFUQ1,1
USANWV1,1
USAVIR1,1
USAYRO1,0
USBAXJ1,1
USAQXU1,1
USA4HQ1,0
USASDY1,1
USAM5Q1,0
USAS6F1,0
USAJXN1,1
USACBV1,1
USAWEC1,1
USA44R1,1
USA1TV1,0
USA1PN1,1
USASBY1,1
USAJ0H1,1
USATXE1,1
USAVMZ1,1
USA1DI1,1
USAH2Y1,1
USA1JF1,1
USARNK1,0
USA8R12,0
USAWSK1,1
USAVWQ1,1
USAKGN1,0
USA13I1,1
USAZQ71,1
USACSZ1,1
USA28K1,0
USAFAN1,1
USAO751,1
USANG21,1
USASJ11,1
USAH7U1,1
USA1RP1,1
USA9JQ1,1
USA6Z11,0
USAL2G1,1
USA3AX1,1
USA3WO1,0
USAWFO1,0
USA4Y71,1
USAS5Z1,0
USA9LW1,1
USADB51,1
USANQF1,0
USABLZ1,1
USAGV51,0
USAVPO1,1
USA26J1,0
USA8TQ1,0
USAXCH1,1
USBBBR1,0
USAASE1,1
USAECE1,1
USAZGN1,1
USASU61,1
USAADZ1,1
USA2WJ1,0
USARHE1,0
USALXZ1,1
USABT11,0
USA9AK1,0
USALJE1,1
USA81K1,0
USAC841,0
USAQZK1,0
USAKT21,0
USAM661,0
USAOOT1,1
USA1EE1,0
USBBNO1,1
USAOHE1,1
USAZ8R1,1
USAQ6B1,1
USBASO1,1
USAM1U1,1
USAOTQ1,1
USAZNY1,1
USAXA91,0
USA4321,1
USAP511,1
USAVV21,0
USBBHQ1,0
USBAWH1,0
USBBLY1,1
USAUCK1,1
USA1XJ1,0
USAXF11,0
USAJNC1,0
USBBMZ1,0
USAGJ31,1
USAFK41,1
USA4X91,0
USADQH1,1
USAAAB1,0
USAFLW1,0
USAQE71,0
USADOZ1,0
USBBAN1,1
USA1EW1,1
USAQAL1,1
USA1BA1,1
USA4S51,1
USARKX1,0
USA1TM1,1
USA4SP1,1
USA8V91,1
USAPSB2,1
USAMMD1,1
USACZC1,0
USAK6V1,0
USAK0F1,1
USAJ892,0
USAPEN1,1
USAM4M1,0
USA1KH1,1
USBALP1,1
USBBCP1,1
USAOCA1,1
USA3U51,1
USA44N1,0
USA1TJ1,0
USAWQO1,0
USAFDB1,1
USANMD1,0
USA51E1,1
USAKLC1,1
USAXUW1,1
USAJAC1,1
USAI7R1,1
USACSO1,0
USAOK51,1
USBADH1,1
USARYT1,1
USA97W1,1
USAGUE1,0
USANZF1,0
USAABO1,1
USBAUL1,0
USA2LQ1,0
USAKEP1,1
USAMQK1,0
USBAFD1,1
USA5591,0
USBBME1,1
USADPN1,1
USAEWG1,0
USASE41,0
USBBFS1,1
USAT1P1,0
USAMT81,1
USAO7Q1,0
USAD8C1,0
USBAEM1,1
USAJWJ1,1
USAV7Y1,0
USAFD11,1
USBBHC1,0
USAQ931,0
USALHG1,0
USAIX11,0
USA2ZD1,1
USAANX1,1
USAGMM1,1
USA85W1,1
USBBPF1,0
USAPJT1,1
USARAR1,1
USAOGH1,0
USA2OW1,0
USA1CB1,1
USAWS31,1
USA1LC1,1
USA1SA1,1
USA3RV1,0
USAX6P1,0
USBBIQ1,1
USAOMD1,0
USAF6Z1,0
USADCX1,1
USAZHT1,1
USAC6F1,1
USA2Z21,1
USA94Y1,0
USBBOR1,1
USAQWT1,0
USA0C01,1
USAPTL1,0
USAYM51,1
USAJGX1,0
USAKTG1,0
USA1UH1,0
USAR351,1
USAQBZ1,0
USAKFN2,1
USA1151,1
USAH3Z1,0
USAKRI1,0
USAM8X1,0
USA4ZL1,1
USAN562,0
USAQVC1,1
USBBGS1,1
USADJH2,0
USA91Y1,0
USAP1O1,0
USAR2K1,1
USAUXS1,1
USAR1T1,0
USA3YZ1,1
USAZMJ1,1
USAI9G1,1
USAX9E1,1
USAB3L1,0
USA2911,1
USATZT1,1
USAH791,1
USARLF2,0
USA3LE1,1
USASYJ3,1
USATKX1,1
USAIB11,0
USAJ801,1
USATO91,1
USAD2V1,1
USAHTZ1,0
USAS171,1
USABOK1,1
USA1MC1,1
USAVHI1,0
USAF461,0
USBBGM1,0
USBAQQ1,1
USA3VD1,0
USAW4C1,1
USAYMM1,1
USAVGD1,0
USBAYE1,0
USABPA1,0
USAFMM1,1
USAGC21,1
USBANW1,1
USAR6S1,1
USA1ZQ1,1
USA8TL1,1
USAPH61,1
USA4RD1,1
USA4XL1,0
USAIPP1,1
USA2ME1,1
USAWS21,1
USAQLZ2,1
USAP2U1,0
USAS421,1
USAZES1,0
USAK5L1,0
USAMYQ1,0
USBASC1,1
USAWG81,1
USAPUL1,1
USA2HB1,0
USAT4G1,1
USAM5X1,0
USAL5L1,1
USAYHU1,0
USA2171,1
USA9WR1,0
USABUY1,0
USAQHO1,0
USA4OY1,1
USA3MY1,1
USAEBH1,0
USA59C1,1
USAHMS1,1
USARGF1,1
USAS4U1,1
USAI8J1,1
USBAWU1,0
USAJ1C1,0
USALKP1,1
USATPZ1,1
USBAUX1,0
USALTM1,0
USA27E1,1
USAQBL1,1
USAACU1,0
USBAII1,0
USAQMD1,1
USAI221,0
USBBHZ1,0
USBBLH1,1
USAT7I1,1
USBAXI1,0
USAOFN1,1
USAQ9K1,1
USAQI52,0
USAJXI1,1
USAPIK1,1
USA5C11,0
USAIO61,1
USAJ9B1,1
USAEVS1,0
USAYPL1,1
USA3311,1
USAXFG1,1
USAPX61,1
USAEES2,1
USA1TW1,0
USAZOV1,1
USAJ7S1,1
USA1DN1,1
USASIL1,1
USA2U81,1
USAQ1C2,0
USARNJ1,0
USAQ2G2,0
USADJD1,1
USA3RP1,0
USA8ZS1,0
USAO921,1
USANMW1,1
USA28J1,0
USADFS1,1
USA8QL1,1
USAC5N1,1
USA2GN1,0
USAMHU1,0
USACAQ1,0
USBBNR1,1
USAWQX1,1
USAMWQ1,1
USA4561,0
USAIYF1,1
USAATL1,1
USAC921,1
USAZUP1,1
USBBON1,0
USAJDY1,1
USA9HL1,0
USA2RP1,1
USA7DK1,1
USA3791,1
USA3W61,1
USAQAO1,0
USAMXS1,1
USACB01,1
USA4681,1
USAVYZ1,1
USBAUS1,0
USALGA1,1
USBBAE1,1
USA24M1,1
USA43E2,1
USA1NH1,1
USAQU51,1
USARYD1,1
USAEHP1,1
USACYP1,1
USAE4E2,1
USALWK1,1
USBBOF1,0
USAA5I1,1
USA1GH1,1
USAYNZ1,1
USA0SY1,0
USA38X1,1
USAEAX1,1
USA2UC1,1
USAAIM1,1
USA34O1,1
USA1BP1,1
USAXJN1,1
USBASL1,1
USA1KO1,0
USAJHX1,1
USA2I01,0
USAWJ31,1
USBBAM1,1
USADKM1,1
USAGR21,1
USATVB1,1
USAYKM1,1
USAN3Q1,1
USASB71,1
USAQK71,1
USAKBE1,0
USBBLZ1,0
USBBCA1,0
USADF61,1
USAZ2Z1,1
USA2IF1,1
USBBJH1,0
USBALN1,0
USAW5L1,1
USAFEN1,1
USAF9Y1,1
USANA81,1
USAHO41,0
USAP7Y1,1
USAW1N1,1
USAYRT1,1
USBBNI1,1
USA1G11,1
USANG41,1
USAM1F1,1
USA38V1,0
USA29I1,1
USAMZS1,0
USA2J11,0
USAGUV1,0
USAXWF1,1
USA1R61,0
USAKF31,0
USAYKS1,1
USABGO1,1
USAK9H1,1
USASKK1,0
USAE691,1
USA2431,1
USAQYP1,1
USA1CV1,1
USA2NL1,0
USAGGL1,0
USAERN1,1
USAJ5P1,1
USAEMH2,0
USAZXK1,0
USA3A61,1
USAI0D1,1
USAZ7U1,1
USAQVE1,1
USBAFG1,1
USARQ71,1
USAGLX1,0
USAD6J1,0
USAE8K1,1
USBBFP1,0
USBAHN1,1
USAABM1,1
USA8YE1,1
USATPX1,0
USAAFM1,1
USA1ZS1,1
USAU261,1
USBBOP1,1
USA3UO1,0
USAHP81,1
USAMFV1,0
USA7DK2,1
USA4962,1
USAXWW1,1
USAGTX1,0
USBBPG1,0
USASFV1,1
USALI61,1
USBBMD1,1
USBAVX1,1
USAC1A1,1
USA85X1,1
USA1491,0
USAYNF1,0
USAJKA1,0
USAKY31,1
USA2HZ1,0
USA25N1,0
USAFJV1,0
USAQYQ1,1
USBBFF1,1
USAEWT1,1
USA9C21,0
USAA9K1,1
USAHUG1,0
USA9791,0
USA9TS1,0
USAOC31,0
USABJM1,1
USA93F1,0
USASGM1,0
USAMOE1,0
USAOFZ1,1
USABL21,0
USAUCM1,1
USAZFG1,1
USA4EK1,1
USA23Z1,0
USAK3E1,1
USAYEU1,1
USBBCL1,1
USAOBY1,1
USAVDQ1,0
USBBOB1,0
USANLK1,0
USAPZE1,0
USBAWI1,1
USA27T1,1
USA3VM1,1
USBAHO1,0
USAXRV1,1
USACHI1,1
USASMG1,0
USBBGR1,0
USAG9U1,0
USAFG51,1
USAWKZ1,0
USBBOL1,1
USA2961,0
USAW422,1
USAPGB1,0
USAB5S1,1
USAAO81,1
USAD6D1,0
USBBKZ1,0
USAZ9W1,1
USAYMB1,1
USASAK1,1
USA2GS1,0
USAC5O1,1
USAYSX1,1
USBAXC1,0
USAZOE1,1
USA3TI1,1
USBATJ1,1
USAJHY1,0
USANPR1,1
USA3JC1,0
USA2361,0
USAS2V2,1
USA17C1,1
USBAMR1,1
USAO221,1
USA4OH1,1
USAK7A1,0
USBBOQ1,0
USA7M41,1
USADPQ1,0
USAKDO1,1
USAPXY1,1
USAG391,1
USA3SS1,1
USAH8R1,0
USA8VC1,0
USAFAJ1,1
USAH1C1,0
USAG4N1,1
USATMW1,1
USA43T1,1
USA5C81,0
USAXZ61,1
USBBLB1,0
USAJWT1,0
USAA191,1
USA3941,0
USAIOZ1,1
USBAGM1,1
USAL911,1
USAXTI1,0
USAKTN1,1
USASI31,1
USA43U1,1
USBBDR1,0
USAUCV1,0
USAIR21,1
USAS9Z1,1
USABGY1,1
USAGAL1,1
USAEOC1,0
USAIDO1,0
USAT781,1
USBAZZ2,0
USBAZZ1,0
USAPVZ1,1
USAA681,1
USAPZW2,0
USAE3Q1,0
USA4CW1,0
USAHXH2,1
USAQBM1,0
USA4BZ1,0
USA0BS1,1
USA3QR1,1
USA89Y1,0
USACBT1,1
USAZ6J1,1
USBBGX1,1
USANGY1,1
USAKBT1,1
USBANM1,1
USAK8O1,1
USBBBS1,1
USABON1,1
USATBW1,1
USAVDM1,1
USAKJ61,0
USAXFF1,1
USAYI11,0
USA29N1,0
USAVL61,1
USAJVL2,0
USABRB1,0
USABRB2,0
USAZOW1,1
USADJG1,0
USARBN1,1
USABMN1,0
USAMNC1,1
USABFV1,0
USAOYC2,1
USARBF1,1
USAO3N2,1
USBBAJ1,0
USARRR1,1
USAEHU1,0
USA26Z1,0
USA94Z1,1
USALMO1,0
USA2AP1,1
USAA8J1,0
USAVY22,1
USA1HV1,0
USAPQ41,1
USA4781,1
USAV9B1,1
USAGPP1,1
USAQVZ1,1
USAATM1,1
USAGWW1,1
USA92T1,0
USA1G91,0
USAJV21,1
USAP4I1,1
USAC3C1,1
USAIPU1,0
USA3YD1,1
USA9GU1,1
USAVJ61,1
USAGIG1,1
USA89O1,1
USAAEF1,0
USAI4A1,1
USAWY11,0
USAVIP1,1
USAA0O1,0
USBAXH1,1
USAJUT1,0
USA2Q71,1
USAQU41,0
USA9WM1,0
USAV7I1,1
USBBOA1,0
USA34P1,1
USBBHS1,1
USALHW1,0
USAFY81,1
USAPPT1,0
USAQZM1,0
USAOS51,1
USAQOX1,0
USAFHO1,0
USBAMT1,1
USAWO51,1
USAO171,1
USAHTV1,1
USA1BQ1,1
USANVH1,1
USA8UM1,1
USARKH1,0
USAKTV1,0
USBAUN1,1
USARXX1,0
USAU6D1,1
USACIZ1,0
USAQ4H1,1
USAPWI1,0
USARIL1,1
USAXFH1,0
USAHMH1,1
USBALJ1,0
USBBDJ1,1
USAQD91,0
USAR7N1,0
USAOO91,1
USA1M71,1
USA3WN1,1
USBBAB1,1
USBBMI1,0
USA1W91,1
USA57W1,0
USA3K11,1
USANR51,1
USBBCR1,1
USA95J1,1
USATE21,1
USA4XB1,1
USA9571,1
USAU651,1
USAMZ01,0
USAPI61,0
USAC261,1
USA1VL1,0
USARE41,1
USA2B21,0
USAYK71,0
USAV6N3,1
USAO1R2,0
USAVEA1,1
USBBEZ1,1
USAHSV1,0
USAA8X1,1
USAJ631,1
USALZX1,1
USAGGO1,1
USAV4A1,1
USASCZ1,1
USA4TF1,1
USAS911,1
USAV3S1,1
USASOD1,0
USBAPE1,1
USA4NU1,0
USAISP1,1
USAC121,0
USBBPV1,0
USAY7W1,0
USAZIB1,1
USAKP11,1
USBBKK1,0
USBAOG1,0
USA4UH1,0
USAL2H1,1
USAVGG1,1
USAWEU1,0
USALHE1,0
USA1LS1,0
USAYRQ1,1
USAXY91,1
USAAFN1,1
USAPQP2,1
USAREB1,1
USAJED1,1
USAX5N1,1
USAQCB1,1
USBBFQ1,0
USBBHE1,1
USA1EQ1,1
USAVBM1,1
USBBOE1,1
USACX52,1
USAYLA1,0
USA2ZB1,0
USA5121,0
USBBOS1,0
USBAJA1,1
USAFC41,1
USASS21,1
USAYUU3,0
USA1T31,1
USAEWK1,0
USAJMR1,0
USBAIV1,0
USAQPH1,0
USAZU21,0
USA1XF1,1
USARUI2,1
USBBFG1,0
USAY4F1,0
USAK1N1,1
USAKQV1,1
USBBAT1,1
USA49E1,1
USA1UJ1,1
USA4K51,0
USBBAH1,0
USAUGE1,1
USAHUH1,0
USAS1X1,1
USAQFB1,1
USA46K1,1
USARKT1,0
USAIAL1,1
USAUXG1,1
USASAP1,1
USARQU1,1
USBBAP1,0
USAVDP1,1
USANLJ1,1
USA4JW1,0
USAKOX1,1
USAK8A1,1
USAGVC1,1
USAZ2E1,1
USADCA1,1
USAF4F1,1
USAIHA1,1
USAGA21,0
USAHZU1,1
USBAMA1,0
USACH51,0
USAHTX1,0
USABF81,1
USABPQ1,0
USA3YX1,1
USANWY1,1
USADWQ1,1
USA4E11,0
USA8Y41,0
USA31Y1,0
USAAXJ1,0
USA8761,1
USA7ZC1,1
USAISF1,0
USA53S1,0
USAWEF1,1
USAF581,1
USBAWJ1,1
USA3TJ1,1
USAVPB1,1
USABMA1,1
USACW81,0
USAG9J1,0
USAYOO1,0
USBBIB1,1
USASKG1,0
USAIGW1,0
USAM9J1,1
USARLZ1,0
USAMUC1,1
USBBIO1,0
USBATI1,0
USAHGP1,0
USAALQ1,1
USAR6Q1,1
USAJIJ1,0
USAVNI1,1
USA99P1,0
USA8VB1,0
USATKD1,1
USAE191,1
USAY811,0
USBAHQ1,0
USAX3G1,1
USAODM1,1
USAJKL1,1
USART81,1
USAQLX1,1
USAA6L1,1
USABLB1,0
USAIBW1,1
USBBEE1,0
USAWWL2,1
USAQHM1,1
USAX491,0
USAW362,1
USAVKE1,1
USAA181,0
USA1HE1,0
USAMR11,0
USA39P1,1
USAZWN1,1
USAIYA1,1
USANNE1,0
USAR6G1,1
USBBDS1,1
USAQ8B1,1
USBAGB1,1
USACA31,1
USAEOB1,1
USA3X41,0
USBAIK1,1
USAWMN2,1
USAEBJ1,0
USAIMU1,1
USA4CT1,0
USAJ5Q1,0
USAD291,1
USA11J1,1
USAFC01,1
USAZHF1,0
USAC9T1,0
USAQC91,1
USADDS1,0
USA3331,0
USAQ8X1,1
USAK8H1,1
USAR1Y1,1
USAI8V1,1
USAEVU1,0
USAY751,0
USAR5Q1,0
USA1J71,1
USAAHG1,0
USBBKY1,1
USA3U71,1
USAAX61,0
USAMIU1,1
USAVB71,1
USAE531,1
USAX431,0
USA35E1,0
USA3UW1,1
USAJN71,1
USAPGQ1,1
USAOYB1,1
USAJVC1,1
USAY141,1
USASYL1,1
USAQ1E1,0
USAHIW1,1
USBAZO1,0
USAKTQ2,1
USAJDA2,1
